{
  "name": "PolyLoop\u2011BO Ridge Surrogate (demo)",
  "note": "Trained on synthetic electrospinning dataset shipped with this repo. Intended for demonstration of closed-loop optimisation workflows.",
  "feature_names": [
    "gelatin_wt_pct",
    "wpu_wt_pct",
    "pei_wt_pct",
    "peox_wt_pct",
    "allantoin_wt_pct",
    "hyaluronic_acid_wt_pct",
    "voltage_kV",
    "flow_rate_mL_h",
    "tip_to_collector_cm",
    "humidity_pct"
  ],
  "scaler": {
    "mean": [
      8.608135119861549,
      8.675412945269546,
      2.1530421001738658,
      4.660654727176707,
      1.320127218605118,
      0.6971627530206328,
      17.63499861486693,
      0.8988004098427942,
      14.845594883790913,
      42.96633151324051
    ],
    "scale": [
      5.017275952516818,
      5.502396730592321,
      1.1609694781166835,
      2.855978072541203,
      0.7312440056643735,
      0.44423488743945233,
      4.389216493202151,
      0.3795856680681509,
      2.943513610111147,
      13.673913550309614
    ]
  },
  "targets": [
    "fiber_diameter_nm",
    "bead_index",
    "contact_angle_deg",
    "zone_inhibition_mm",
    "cell_viability_pct"
  ],
  "models": {
    "fiber_diameter_nm": {
      "coef": [
        245.6034651682197,
        272.8207963880945,
        63.12090513196028,
        142.5416341568683,
        0.848648364118754,
        -1.3126624772631612,
        -111.7208796677953,
        73.49869168431428,
        39.1168675639616,
        17.68113905102991
      ],
      "intercept": 1262.9726933209433
    },
    "bead_index": {
      "coef": [
        -0.12559658059372902,
        -0.13725786909409643,
        -0.027037564478431846,
        -0.07248216034120136,
        -0.030844101448157954,
        0.01132831484447449,
        -0.0004433494019456251,
        0.048364056582708356,
        -0.024519973662917503,
        0.15880348061820335
      ],
      "intercept": 0.2704673668744058
    },
    "contact_angle_deg": {
      "coef": [
        -7.522066022045027,
        12.257139791909955,
        -3.2949468178705597,
        0.24703666068462363,
        0.33273093661551567,
        -3.457449059557367,
        1.1446962959372011,
        0.12309995746741345,
        -0.24458300232275385,
        -0.31193360243984586
      ],
      "intercept": 55.58411880505689
    },
    "zone_inhibition_mm": {
      "coef": [
        3.0911941773000846,
        0.12405327370952172,
        4.641436758115591,
        0.1143520771228785,
        0.15526682824301663,
        0.06472415416323903,
        -0.026256802556617474,
        -0.0865864480430635,
        -0.1729237462995844,
        -0.3140623328557474
      ],
      "intercept": 16.110081029033104
    },
    "cell_viability_pct": {
      "coef": [
        -8.05616471217244,
        -11.965664455909234,
        -11.975527730991395,
        -3.995386880045381,
        3.795049029531988,
        1.9634766974017739,
        4.941497860964703,
        -3.8002498916550937,
        -1.0894138477599842,
        -3.232359134992407
      ],
      "intercept": 59.691308801289594
    }
  },
  "r2_test": {
    "fiber_diameter_nm": 0.982384128749519,
    "bead_index": 0.7441966049423833,
    "contact_angle_deg": 0.9111500236331181,
    "zone_inhibition_mm": 0.940358196284621,
    "cell_viability_pct": 0.7574660676480675
  },
  "input_ranges": {
    "gelatin_wt_pct": {
      "min": 0.1325208555180992,
      "max": 17.561202329461608
    },
    "wpu_wt_pct": {
      "min": 0.2508531787476278,
      "max": 17.862760153005066
    },
    "pei_wt_pct": {
      "min": 0.0492107435544113,
      "max": 3.9964189218969546
    },
    "peox_wt_pct": {
      "min": 0.0542983412870046,
      "max": 9.95464472583637
    },
    "allantoin_wt_pct": {
      "min": 0.0112503123491478,
      "max": 2.496858425166912
    },
    "hyaluronic_acid_wt_pct": {
      "min": 0.0018495937678622,
      "max": 1.4920526234025373
    },
    "voltage_kV": {
      "min": 10.1870481691182,
      "max": 24.76852912376131
    },
    "flow_rate_mL_h": {
      "min": 0.2030014043627646,
      "max": 1.4981923695154906
    },
    "tip_to_collector_cm": {
      "min": 10.005187441657055,
      "max": 19.99421909224188
    },
    "humidity_pct": {
      "min": 20.207845947949743,
      "max": 64.70943485540813
    }
  },
  "units": {
    "fiber_diameter_nm": "nm",
    "bead_index": "0\u20131",
    "contact_angle_deg": "deg",
    "zone_inhibition_mm": "mm",
    "cell_viability_pct": "%"
  },
  "output_ranges": {
    "fiber_diameter_nm": {
      "min": 138.31762010967373,
      "max": 2190.877316720596
    },
    "bead_index": {
      "min": 0.0010146028302055,
      "max": 0.9816606991364504
    },
    "contact_angle_deg": {
      "min": 16.828834765434912,
      "max": 89.21729249523453
    },
    "zone_inhibition_mm": {
      "min": 1.2078149802262486,
      "max": 25.0
    },
    "cell_viability_pct": {
      "min": 0.0,
      "max": 100.0
    }
  }
}